{
    "titulo": "Todo tempo que temos",
    "sinopse":" Almut e Tobias são unidos por um encontro surpresa que muda suas vidas. Ao embarcarem em um caminho desafiado pelos limites do tempo, eles aprendem a valorizar cada momento de sua história de amor não convencional.",
    "direcao": "John Crowley",
    "horario": "19:30",
    "data": "10 de novembro de 2024",
    "assentos": [
      {
        "numero": 1,
        "disponivel": false
      },
      {
        "numero": 2,
        "disponivel": true
      },
      {
        "numero": 3,
        "disponivel": true
      },
      {
        "numero": 4,
        "disponivel": true
      },
      {
        "numero": 5,
        "disponivel": true
      },
      {
        "numero": 6,
        "disponivel": true
      },
      {
        "numero": 7,
        "disponivel": true
      },
      {
        "numero": 8,
        "disponivel": true
      },
      {
        "numero": 9,
        "disponivel": true
      },
      {
        "numero": 10,
        "disponivel": true
      },
      {
        "numero": 11,
        "disponivel": true
      },
      {
        "numero": 12,
        "disponivel": true
      },
      {
        "numero": 13,
        "disponivel": true
      },
      {
        "numero": 14,
        "disponivel": true
      },
      {
        "numero": 15,
        "disponivel": true
      },
      {
        "numero": 16,
        "disponivel": true
      },
      {
        "numero": 17,
        "disponivel": true
      },
      {
        "numero": 18,
        "disponivel": true
      },
      {
        "numero": 19,
        "disponivel": true
      },
      {
        "numero": 20,
        "disponivel": true
      },
      {
        "numero": 21,
        "disponivel": true
      },
      {
        "numero": 22,
        "disponivel": true
      },
      {
        "numero": 23,
        "disponivel": true
      },
      {
        "numero": 24,
        "disponivel": true
      },
      {
        "numero": 25,
        "disponivel": true
      },
      {
        "numero": 26,
        "disponivel": true
      },
      {
        "numero": 27,
        "disponivel": true
      },
      {
        "numero": 28,
        "disponivel": true
      },
      {
        "numero": 29,
        "disponivel": true
      },
      {
        "numero": 30,
        "disponivel": true
      },
      {
        "numero": 31,
        "disponivel": true
      },
      {
        "numero": 32,
        "disponivel": true
      },
      {
        "numero": 33,
        "disponivel": true
      },
      {
        "numero": 34,
        "disponivel": true
      },
      {
        "numero": 35,
        "disponivel": true
      },
      {
        "numero": 36,
        "disponivel": true
      },
      {
        "numero": 37,
        "disponivel": true
      },
      {
        "numero": 38,
        "disponivel": true
      },
      {
        "numero": 39,
        "disponivel": true
      },
      {
        "numero": 40,
        "disponivel": true
      },
      {
        "numero": 41,
        "disponivel": true
      },
      {
        "numero": 42,
        "disponivel": true
      },
      {
        "numero": 43,
        "disponivel": true
      },
      {
        "numero": 44,
        "disponivel": true
      },
      {
        "numero": 45,
        "disponivel": true
      },
      {
        "numero": 46,
        "disponivel": true
      },
      {
        "numero": 47,
        "disponivel": true
      },
      {
        "numero": 48,
        "disponivel": true
      },
      {
        "numero": 49,
        "disponivel": true
      },
      {
        "numero": 50,
        "disponivel": true
      },
      {
        "numero": 51,
        "disponivel": true
      },
      {
        "numero": 52,
        "disponivel": true
      },
      {
        "numero": 53,
        "disponivel": true
      },
      {
        "numero": 54,
        "disponivel": true
      },
      {
        "numero": 55,
        "disponivel": true
      },
      {
        "numero": 56,
        "disponivel": true
      },
      {
        "numero": 57,
        "disponivel": true
      },
      {
        "numero": 58,
        "disponivel": true
      },
      {
        "numero": 59,
        "disponivel": true
      },
      {
        "numero": 60,
        "disponivel": true
      }
    ]
  }